John Doe,30,New York
Jane Doe,25,Los Angeles
Jim Smith,35,Chicago
Emma Watson,28,London
Michael Jackson,40,Los Angeles
Jessica Brown,32,New York
Danielle Wilson,26,London
Steven Smith,34,Paris
Robert Johnson,31,Berlin
Emily Davis,29,New York
William Jones,36,London
Christopher Davis,33,Paris
Ashley Smith,27,Berlin
Matthew Wilson,35,New York
Nicholas Jackson,30,London
Amanda Brown,25,Paris
Nathan Johnson,31,Berlin
Jacob Smith,29,New York
Olivia Wilson,26,London
David Jackson,35,Paris
James Davis,32,Berlin
Megan Smith,28,New York
Sarah Wilson,27,London
Benjamin Jackson,33,Paris
Jacob Davis,31,Berlin
Isabelle Smith,29,New York
Ethan Wilson,26,London
Madison Jackson,35,Paris
Emily Davis,32,Berlin
Michael Smith,30,New York
Ava Wilson,25,London
William Jackson,34,Paris
Avery Davis,31,Berlin
Mia Smith,28,New York
Sophia Wilson,27,London
Ethan Jackson,35,Paris
Emma Davis,32,Berlin
Elizabeth Smith,30,New York
Evelyn Wilson,25,London
Alexander Jackson,34,Paris
Olivia Davis,31,Berlin
Mason Smith,29,New York
Avery Wilson,26,London
Noah Jackson,35,Paris
Emily Davis,32,Berlin
Liam Smith,30,New York
Ava Wilson,25,London
Alexander Jackson,34,Paris
Isabelle Davis,31,Berlin
Lucas Smith,29,New York
Evelyn Wilson,26,London
William Jackson,35,Paris
Madison Davis,32,Berlin
Ethan Smith,30,New York
Avery Wilson,25,London
Michael Jackson,34,Paris
Emma Davis,31,Berlin
Noah Smith,29,New York
Sophia Wilson,26,London
Daniel Jackson,35,Paris
Isabelle Davis,32,Berlin
James Smith,30,New York
Ava Wilson,25,London
 Benjamin Jackson,34,Paris
Olivia Davis,31,Berlin
Mason Smith,29,New York
Avery Wilson,26,London
William Jackson,35,Paris
Madison Davis,32,Berlin
Liam Smith,30,New York
Evelyn Wilson,25,London
Alexander Jackson,34,Paris
Emma Davis,31,Berlin